{
  "words": {
    "shaft": {
      "due": 0,
      "stability": 0,
      "difficulty": 0,
      "elapsed_days": 0,
      "last_review": 0,
      "reps": 0,
      "lapses": 0,
      "state": 0,
      "manual": false,
      "grade": 0
    },
    "plug": {
      "due": 1750882212305,
      "stability": 2.4000000953674316,
      "difficulty": 2.4000000953674316,
      "elapsed_days": 0,
      "last_review": 1749719274807,
      "reps": 1,
      "lapses": 0,
      "state": 2,
      "manual": false,
      "grade": 3
    },
    "mar": {
      "due": 1749753663113,
      "stability": 0,
      "difficulty": 0,
      "elapsed_days": 0,
      "last_review": 1749719103113,
      "reps": 0,
      "lapses": 0,
      "state": 0,
      "manual": false,
      "grade": 0
    },
    "LP": {
      "due": 1750891271135,
      "stability": 2.4000000953674316,
      "difficulty": 2.4000000953674316,
      "elapsed_days": 0,
      "last_review": 1749719264136,
      "reps": 1,
      "lapses": 0,
      "state": 2,
      "manual": false,
      "grade": 3
    },
    "rev": {
      "due": 1750915402073,
      "stability": 2.4000000953674316,
      "difficulty": 2.4000000953674316,
      "elapsed_days": 0,
      "last_review": 1749719278132,
      "reps": 1,
      "lapses": 0,
      "state": 2,
      "manual": false,
      "grade": 3
    },
    "dub": {
      "due": 1750901464947,
      "stability": 2.4000000953674316,
      "difficulty": 2.4000000953674316,
      "elapsed_days": 0,
      "last_review": 1749719245865,
      "reps": 1,
      "lapses": 0,
      "state": 2,
      "manual": false,
      "grade": 3
    },
    "director": {
      "due": 1750867880392,
      "stability": 2.4000000953674316,
      "difficulty": 2.4000000953674316,
      "elapsed_days": 0,
      "last_review": 1749719224308,
      "reps": 1,
      "lapses": 0,
      "state": 2,
      "manual": false,
      "grade": 3
    },
    "breeder": {
      "due": 1749753605646,
      "stability": 0,
      "difficulty": 0,
      "elapsed_days": 0,
      "last_review": 1749719045646,
      "reps": 0,
      "lapses": 0,
      "state": 0,
      "manual": false,
      "grade": 0
    },
    "situated": {
      "due": 1750971534574,
      "stability": 2.4000000953674316,
      "difficulty": 2.4000000953674316,
      "elapsed_days": 0,
      "last_review": 1749719111043,
      "reps": 1,
      "lapses": 0,
      "state": 2,
      "manual": false,
      "grade": 3
    },
    "implicit": {
      "due": 1750875845344,
      "stability": 2.4000000953674316,
      "difficulty": 2.4000000953674316,
      "elapsed_days": 0,
      "last_review": 1749719220624,
      "reps": 1,
      "lapses": 0,
      "state": 2,
      "manual": false,
      "grade": 3
    },
    "judicial": {
      "due": 1749753572075,
      "stability": 0,
      "difficulty": 0,
      "elapsed_days": 0,
      "last_review": 1749719012075,
      "reps": 0,
      "lapses": 0,
      "state": 0,
      "manual": false,
      "grade": 0
    },
    "diagnosis": {
      "due": 1750937878375,
      "stability": 2.4000000953674316,
      "difficulty": 2.4000000953674316,
      "elapsed_days": 0,
      "last_review": 1749719260389,
      "reps": 1,
      "lapses": 0,
      "state": 2,
      "manual": false,
      "grade": 3
    },
    "refreshing": {
      "due": 1749753766559,
      "stability": 0,
      "difficulty": 0,
      "elapsed_days": 0,
      "last_review": 1749719206559,
      "reps": 1,
      "lapses": 1,
      "state": 3,
      "manual": false,
      "grade": 0
    },
    "insistence": {
      "due": 1750900087848,
      "stability": 2.4000000953674316,
      "difficulty": 2.4000000953674316,
      "elapsed_days": 0,
      "last_review": 1749719268268,
      "reps": 1,
      "lapses": 0,
      "state": 2,
      "manual": false,
      "grade": 3
    },
    "judiciary": {
      "due": 1749739760561,
      "stability": 0.4000000059604645,
      "difficulty": 0.4000000059604645,
      "elapsed_days": 0,
      "last_review": 1749719024560,
      "reps": 1,
      "lapses": 0,
      "state": 2,
      "manual": false,
      "grade": 1
    },
    "chronic": {
      "due": 1750973266858,
      "stability": 2.4000000953674316,
      "difficulty": 2.4000000953674316,
      "elapsed_days": 0,
      "last_review": 1749719271309,
      "reps": 1,
      "lapses": 0,
      "state": 2,
      "manual": false,
      "grade": 3
    },
    "cocaine": {
      "due": 1749753814469,
      "stability": 0,
      "difficulty": 0,
      "elapsed_days": 0,
      "last_review": 1749719254469,
      "reps": 1,
      "lapses": 1,
      "state": 3,
      "manual": false,
      "grade": 0
    },
    "turmoil": {
      "due": 1749753703776,
      "stability": 0,
      "difficulty": 0,
      "elapsed_days": 0,
      "last_review": 1749719143776,
      "reps": 1,
      "lapses": 1,
      "state": 3,
      "manual": false,
      "grade": 0
    },
    "interval": {
      "due": 1749739874563,
      "stability": 0.4000000059604645,
      "difficulty": 0.4000000059604645,
      "elapsed_days": 0,
      "last_review": 1749719138562,
      "reps": 1,
      "lapses": 0,
      "state": 2,
      "manual": false,
      "grade": 1
    },
    "frantic": {
      "due": 1749739794916,
      "stability": 0.4000000059604645,
      "difficulty": 0.4000000059604645,
      "elapsed_days": 0,
      "last_review": 1749719058915,
      "reps": 1,
      "lapses": 0,
      "state": 2,
      "manual": false,
      "grade": 1
    },
    "app": {
      "due": 1749719382045,
      "stability": 730,
      "difficulty": 0,
      "elapsed_days": 0,
      "last_review": 1749719382045,
      "reps": 999,
      "lapses": 0,
      "state": 2,
      "manual": true,
      "grade": 0
    }
  },
  "dailyWords": {
    "date": "Thu Jun 12 2025",
    "words": [
      "judicial",
      "judiciary",
      "shaft",
      "breeder",
      "frantic",
      "mar",
      "situated",
      "interval",
      "turmoil",
      "refreshing",
      "implicit",
      "director",
      "dub",
      "cocaine",
      "diagnosis",
      "LP",
      "insistence",
      "chronic",
      "plug",
      "rev"
    ],
    "currentIndex": 20,
    "showedSummary": true
  }
}