{
  "words": {
    "ivory": {
      "due": 1749992144203,
      "stability": 2.4000000953674316,
      "difficulty": 2.4000000953674316,
      "elapsed_days": 0,
      "last_review": 1749722530141,
      "reps": 1,
      "lapses": 0,
      "state": 2,
      "manual": false,
      "grade": 3
    },
    "columnist": {
      "due": 1749987705592,
      "stability": 2.4000000953674316,
      "difficulty": 2.4000000953674316,
      "elapsed_days": 0,
      "last_review": 1749722442610,
      "reps": 1,
      "lapses": 0,
      "state": 2,
      "manual": false,
      "grade": 3
    },
    "gown": {
      "due": 0,
      "stability": 0,
      "difficulty": 0,
      "elapsed_days": 0,
      "last_review": 0,
      "reps": 0,
      "lapses": 0,
      "state": 0,
      "manual": false,
      "grade": 0
    },
    "cane": {
      "due": 1749998838722,
      "stability": 2.4000000953674316,
      "difficulty": 2.4000000953674316,
      "elapsed_days": 0,
      "last_review": 1749722575713,
      "reps": 1,
      "lapses": 0,
      "state": 2,
      "manual": false,
      "grade": 3
    },
    "LP": {
      "due": 0,
      "stability": 0,
      "difficulty": 0,
      "elapsed_days": 0,
      "last_review": 0,
      "reps": 0,
      "lapses": 0,
      "state": 0,
      "manual": false,
      "grade": 0
    },
    "chord": {
      "due": 1749755727738,
      "stability": 0,
      "difficulty": 0,
      "elapsed_days": 0,
      "last_review": 1749721167738,
      "reps": 0,
      "lapses": 0,
      "state": 0,
      "manual": false,
      "grade": 0
    },
    "nasty": {
      "due": 1749756665426,
      "stability": 0,
      "difficulty": 0,
      "elapsed_days": 0,
      "last_review": 1749722105426,
      "reps": 1,
      "lapses": 1,
      "state": 3,
      "manual": false,
      "grade": 0
    },
    "scrap": {
      "due": 1750005873322,
      "stability": 2.4000000953674316,
      "difficulty": 2.4000000953674316,
      "elapsed_days": 0,
      "last_review": 1749721182879,
      "reps": 1,
      "lapses": 0,
      "state": 2,
      "manual": false,
      "grade": 3
    },
    "apt": {
      "due": 1750010524749,
      "stability": 2.4000000953674316,
      "difficulty": 2.4000000953674316,
      "elapsed_days": 0,
      "last_review": 1749722509559,
      "reps": 1,
      "lapses": 0,
      "state": 2,
      "manual": false,
      "grade": 3
    },
    "mar": {
      "due": 1749998508097,
      "stability": 2.4000000953674316,
      "difficulty": 2.4000000953674316,
      "elapsed_days": 0,
      "last_review": 1749721222888,
      "reps": 1,
      "lapses": 0,
      "state": 2,
      "manual": false,
      "grade": 3
    },
    "avert": {
      "due": 1749996864300,
      "stability": 2.4000000953674316,
      "difficulty": 2.4000000953674316,
      "elapsed_days": 0,
      "last_review": 1749722159844,
      "reps": 1,
      "lapses": 0,
      "state": 2,
      "manual": false,
      "grade": 3
    },
    "knot": {
      "due": 0,
      "stability": 0,
      "difficulty": 0,
      "elapsed_days": 0,
      "last_review": 0,
      "reps": 0,
      "lapses": 0,
      "state": 0,
      "manual": false,
      "grade": 0
    },
    "ritual": {
      "due": 0,
      "stability": 0,
      "difficulty": 0,
      "elapsed_days": 0,
      "last_review": 0,
      "reps": 0,
      "lapses": 0,
      "state": 0,
      "manual": false,
      "grade": 0
    },
    "hull": {
      "due": 0,
      "stability": 0,
      "difficulty": 0,
      "elapsed_days": 0,
      "last_review": 0,
      "reps": 0,
      "lapses": 0,
      "state": 0,
      "manual": false,
      "grade": 0
    },
    "grim": {
      "due": 1749743301936,
      "stability": 0.4000000059604645,
      "difficulty": 0.4000000059604645,
      "elapsed_days": 0,
      "last_review": 1749722565935,
      "reps": 1,
      "lapses": 0,
      "state": 2,
      "manual": false,
      "grade": 1
    },
    "bunker": {
      "due": 1750008081106,
      "stability": 2.4000000953674316,
      "difficulty": 2.4000000953674316,
      "elapsed_days": 0,
      "last_review": 1749722151889,
      "reps": 1,
      "lapses": 0,
      "state": 2,
      "manual": false,
      "grade": 3
    },
    "excite": {
      "due": 1749743322108,
      "stability": 0.4000000059604645,
      "difficulty": 0.4000000059604645,
      "elapsed_days": 0,
      "last_review": 1749722586107,
      "reps": 1,
      "lapses": 0,
      "state": 2,
      "manual": false,
      "grade": 1
    },
    "hedge": {
      "due": 1750012714553,
      "stability": 2.4000000953674316,
      "difficulty": 2.4000000953674316,
      "elapsed_days": 0,
      "last_review": 1749722545230,
      "reps": 1,
      "lapses": 0,
      "state": 2,
      "manual": false,
      "grade": 3
    },
    "clinch": {
      "due": 1749997054588,
      "stability": 2.4000000953674316,
      "difficulty": 2.4000000953674316,
      "elapsed_days": 0,
      "last_review": 1749721241717,
      "reps": 1,
      "lapses": 0,
      "state": 2,
      "manual": false,
      "grade": 3
    },
    "crouch": {
      "due": 0,
      "stability": 0,
      "difficulty": 0,
      "elapsed_days": 0,
      "last_review": 0,
      "reps": 0,
      "lapses": 0,
      "state": 0,
      "manual": false,
      "grade": 0
    },
    "app": {
      "due": 1749722821801,
      "stability": 730,
      "difficulty": 0,
      "elapsed_days": 0,
      "last_review": 1749722821801,
      "reps": 999,
      "lapses": 0,
      "state": 2,
      "manual": true,
      "grade": 0
    },
    "device": {
      "due": 1749724629583,
      "stability": 730,
      "difficulty": 0,
      "elapsed_days": 0,
      "last_review": 1749724629583,
      "reps": 999,
      "lapses": 0,
      "state": 2,
      "manual": true,
      "grade": 0
    }
  },
  "dailyWords": {
    "date": "Thu Jun 12 2025",
    "words": [
      "ritual",
      "chord",
      "knot",
      "scrap",
      "mar",
      "clinch",
      "gown",
      "LP",
      "crouch",
      "nasty",
      "bunker",
      "avert",
      "columnist",
      "hull",
      "apt",
      "ivory",
      "hedge",
      "grim",
      "cane",
      "excite"
    ],
    "currentIndex": 20,
    "showedSummary": true
  }
}